NAME,AGE,STATE,COUNTRY,CELL NUMBER,EMAIL
Alejandro Gordon,24,Bafafrench,Croatia,(496) 805-6745,jpflip@comcast.net
Rayan Cruz,23,Moneguern,Togo,(843) 253-0127,british@verizon.net
Aiden Olson,56,Gatozerpuna,Cuba,(384) 695-2298,chunzi@me.com
Zachariah Garrett,34,Nanothernango,Wallis and Futuna,(260) 884-1462,naupa@yahoo.ca
Daisy Simon,24,Palo Rialnuamal,Belgium,(534) 272-6831,gumpish@verizon.net
Alyson Mclaughlin,23,Tiusroc,Nicaragua,(985) 452-6142,wmszeliga@hotmail.com
Leonardo Davila,54,Ingfe,Bangladesh,(768) 834-1032,preneel@att.net
Mylee Leach,34,North Vietbarle,Fiji,(219) 389-0107,kramulous@outlook.com
Cory Sweeney,68,Tuguay Spainbribel,Sint Maarten,(206) 276-4204,seebs@icloud.com
Jade Obrien,43,Maco Tviastates,Somalia,(629) 315-8604,ryanvm@mac.com
Gianna Hendricks,34,Ligreldo,Jamaica,(586) 614-8005,arnold@verizon.net
Julianna Ibarra,90,Pinesstein Ganbia,Scotland,(802) 933-3209,noahb@outlook.com
Mohammed Kemp,12,Uverde Arsia,Egypt,(551) 533-6749,ovprit@verizon.net
Jaylynn Humphrey,23,Ciacape Pusiai,Curacao,(807) 780-1597,eimear@verizon.net
Leonard Gill,67,Rie Ratedninte,Hong Kong,(983) 292-8724,grossman@aol.com
Luca Powers,45,Rein,Montenegro,(611) 449-0040,dogdude@optonline.net
Samson Wheeler,56,Nauta,Guinea,(321) 906-3122,pgottsch@yahoo.ca
Sadie Hebert,75,Chteni Niarkme,Greenland,(220) 789-5104,roamer@msn.com
Beau Lynch,87,Naireca Azacroa,Tonga,(530) 890-0800,torgox@yahoo.com
Miah Orozco,54,Porsaint Land,Isle of Man,(341) 343-9816,vlefevre@msn.com
Jefferson Humphrey,32,Pamau,Cameroon,(870) 705-0713,seasweb@msn.com
Trent Miller,64,Sternnin Ridatu,Iran,(865) 784-7202,jelmer@live.com
Xzavier Robertson,78,Prusa,Republic of Kosovo,(711) 902-9764,nighthawk@live.com
Kaleigh Moyer,75,Scotblic Guiachellesngo,Comoros,(281) 891-2930,xnormal@msn.com
Broderick Waller,54,Slandsthern Inavo,Azerbaijan,(915) 685-6914,chrisj@optonline.net
Harmony Roberson,23,Podoiia,Solomon Islands,(217) 290-3819,jugalator@optonline.net
Alden Brock,13,New Roonrwan,Vanuatu,(775) 498-1029,mleary@yahoo.com
Brenna Lewis,87,Montiza,United States,(237) 919-1774,scitext@mac.com
Immanuel Cherry,76,Tanmolom,Hungary,(366) 603-8492,madler@gmail.com
Tyree Love,46,Raneeast,Brazil,(296) 862-9397,valdez@yahoo.ca
Moses Oneal,98,Souniaguie,Russia,(765) 454-2747,hillct@outlook.com
Asa Savage,45,Coastntsergeor,Singapore,(236) 834-7364,skaufman@yahoo.ca
Lyric Klein,46,Namau,New Zealand,(529) 975-0544,temmink@gmail.com
Mya Anthony,76,Salthern Pusanbaria,Canada,(497) 335-2759,maratb@gmail.com
Talia Shaffer,97,Landbar Nine,Saint Martin,(293) 615-1193,phyruxus@att.net
Landin Wright,56,South Raelcoand,Panama,(882) 235-3823,michiel@gmail.com
Raiden Obrien,79,Thernkitts Gethomyan Land,Lesotho,(807) 929-1618,hamilton@hotmail.com
Charlotte Lucero,45,Southern Ngagin,Mongolia,(209) 933-5420,scottzed@live.com
Tianna Krause,34,Sauzimfi,Slovenia,(767) 390-0003,knorr@msn.com
Ireland Guerra,56,Viagua Markma Isles,Virgin Islands (U.S.),(758) 296-6863,starstuff@hotmail.com
Eleanor Lewis,76,Virsaintsuitish Land,Suriname,(700) 799-0843,nighthawk@aol.com
Ayla Barton,24,Isa Braisca,Georgia,(790) 436-5047,sakusha@aol.com
Ariana Park,23,Syi Marfinniue,Cayman Islands,(652) 646-8481,fmerges@verizon.net
Michaela Reynolds,56,Raba Byajasouth,Poland,(459) 428-9186,kidehen@optonline.net
Yosef Cantu,34,Sweipore,Nepal,(911) 530-3201,philen@sbcglobal.net
Lyric Dickerson,24,Zeaco,Marshall Islands,(225) 378-1502,drjlaw@gmail.com
Michael Tyler,23,Moabou Berzil,Guadeloupe,(648) 613-3937,bogjobber@outlook.com
Aliana Herrera,54,Slandsgeorna,Republic of Ireland,(915) 338-3790,arebenti@verizon.net
Silas Charles,34,Volela,Eritrea,(267) 783-2420,sjava@verizon.net
Byron Boyd,68,Giumfa,Tunisia,(433) 378-2913,galbra@gmail.com
Jace Henson,43,Giane Aca,Cyprus,(821) 956-2568,rnewman@att.net
Jay Roberson,34,Gypta Guige,Guatemala,(669) 418-4897,phyruxus@mac.com
Kyler Trevino,90,Puof,Austria,(434) 804-9370,matloff@me.com
Mikayla Shields,12,Liai Massaomo,Papua New Guinea,(399) 646-7912,dkasak@sbcglobal.net
Sandra Holden,23,Timo Niaige,Lithuania,(208) 323-9228,draper@comcast.net
Mathew Coleman,67,North Swisamo,England,(984) 692-3951,jeffcovey@me.com
Saniya Mathews,45,Kiuca,Mayotte,(561) 789-0032,gfxguy@me.com
Amina Daugherty,56,Bourgslands,Spain,(826) 779-9522,zyghom@live.com
Willow Collier,75,Namegualay,Thailand,(837) 545-3683,emcleod@mac.com
Selah Palmer,87,Cora Cenga,Gibraltar,(337) 322-2731,jgmyers@me.com
Lennon Rich,54,Gammacan,Tokelau,(727) 780-1839,dunstan@msn.com
Jaslene Garcia,32,Riita,Morocco,(546) 894-9662,mrobshaw@gmail.com
Izayah Levine,64,Isle of Dombritish Rusha,Saint Barthelemy,(230) 813-1886,suresh@optonline.net
Alejandro Goodwin,78,Ntarcvene,Namibia,(913) 561-8654,claypool@yahoo.ca
Oliver Salinas,75,Visgreen Lemitzer,Angola,(784) 280-4037,ilyaz@icloud.com
Zackary Bonilla,54,Rkeyus,The Gambia,(436) 469-9223,koudas@outlook.com
Ximena Bush,23,Sierstan Janbia,Ukraine,(793) 934-3439,flakeg@me.com
Spencer Lopez,13,Nionye Landman,Benin,(519) 596-9578,dalamb@msn.com
Leilani Lucero,87,Eastern Guaya,Guyana,(480) 262-3725,thowell@hotmail.com
Carmen Drake,76,Ofle,The Gambia,(237) 914-2806,grady@aol.com
Neveah Carney,46,Jipa Lyho,Albania,(596) 386-6766,mcnihil@verizon.net
Kiara Cole,98,Sinte Sonei,Malta,(687) 894-4890,dbindel@icloud.com
Heidy Frye,45,Hongria Lauryslands,Aruba,(984) 756-5690,psharpe@yahoo.ca
Mariam Campos,46,Gycy Meni,Sri Lanka,(453) 600-3075,smallpaul@aol.com
Santino Gibson,76,Bardne Dastan,North Korea,(604) 264-2904,jespley@msn.com
Oscar Lucas,97,Blicnea Masria,Cape Verde,(637) 559-1615,raines@att.net
Jaylee Carter,56,Luly Togalvi,Bulgaria,(914) 720-9965,credmond@gmail.com
Lila Perry,79,Nina Territories,Laos,(208) 567-4495,plover@gmail.com
Jeramiah Kaufman,45,Goca Ruqualie,East Timor,(301) 941-8557,violinhi@msn.com
Mark Charles,34,Maturks,Burkina Faso,(283) 589-7884,cosimo@aol.com
Skyla Stafford,56,Ike,Turkmenistan,(601) 679-8749,onestab@aol.com
Kendal Diaz,76,Roeinia,Botswana,(549) 536-4252,eminence@sbcglobal.net
Tia Gonzales,24,Siare Slandnialu,Peru,(633) 889-9634,ranasta@aol.com
Liliana Proctor,23,Andle Vadenbe,Guam,(916) 594-8093,burns@msn.com
Edwin Stephenson,56,Norlau,Iceland,(720) 978-6918,inico@me.com
Jaslene Richards,34,Saintngoquegha,Libya,(248) 353-7836,sblack@hotmail.com
Dennis Tapia,24,Tarta Quekraine,United Kingdom,(342) 436-8270,mallanmba@att.net
Nataly Beasley,23,Bamaha,Pitcairn Islands,(820) 376-8080,matty@att.net
Gary Warner,54,Jalaos Waitkia,France,(305) 662-0640,kaiser@me.com
Gauge Boone,34,Dijo,Funtana,(533) 687-2860,mirod@hotmail.com
Fletcher Rangel,68,Maarbhudo,Moldova,(669) 723-1650,joehall@msn.com
Zayne Logan,43,Nemenbu,Sweden,(556) 892-2544,bebing@msn.com
Chanel Poole,34,Fria,India,(284) 567-7689,drezet@att.net
Kolten Hebert,90,Dianji,Switzerland,(233) 373-6498,amichalo@sbcglobal.net
Jay Frye,12,Nastriazi,Honduras,(838) 788-9963,bmorrow@gmail.com
Lauren Yates,23,Chima,Ghana,(865) 386-3677,netsfr@me.com
Anton Richards,67,Landsloupe Lands,Brunei,(511) 664-8026,nighthawk@yahoo.ca
Philip Dudley,45,Blicde Gerland,Oman,(792) 497-3916,retoh@mac.com
Talan Curry,56,Niaeenglandnor,Norway,(710) 934-7425,magusnet@hotmail.com
,,Slandskeeling,,(923) 670-1146,ghaviv@yahoo.ca
